{
  "log_prob": -1e8,
  "params": [
    -0.15261584677717214,
    0.013818540957768861,
    0.4274101018281239,
    0.0864268796592226,
    0.07437143063001376,
    0.27352627503679443,
    0.11539607822235935,
    10.90404790862475,
    185.05197651653822,
    2.3734370158300207,
    0.865092950613891,
    1.5553671552172512,
    1.0054409832515617,
    -0.7505016700521611,
    -0.352404952276339,
    7.47644006476683,
    139.68368197930664,
    0.98610003768191453,
    2.346280081108684,
    0.61499438886797034
  ]
}