{
  "log_prob": -1e8,
  "params": [
    0.015261584677717214,
    0.013818540957768861,
    1.7674101018281239,
    1.0064268796592226,
    0.17437143063001376,
    0.32352627503679443,
    0.08539607822235935,
    43.90404790862475,
    185.05197651653822,
    1.1334370158300207,
    -0.6965092950613891,
    2.3353671552172512,
    0.3754409832515617,
    -0.7505016700521611,
    -1.352404952276339,
    18.47644006476683,
    139.68368197930664,
    0.08610003768191453,
    6.706280081108684,
    0.07499438886797034
  ]
}