{
  "log_prob": -14140756.747039232,
  "params": [
    -0.20913007831516572,
    0.022547185809457262,
    0.41061891452764887,
    0.06660561085312673,
    0.11256735799289842,
    0.23605161522046997,
    0.06636524353646647,
    11.170410072657296,
    170.71454198420588,
    1.7655523268063231,
    1.2364479664657437,
    1.860707049659879,
    1.4938658510592246,
    -0.946103130257436,
    -0.34551275496626543,
    4.9462643177709475,
    84.99490431904526,
    0.7579956394875124,
    1.3267512548584448,
    0.9415290216461949
  ]
}