{
  "log_prob": -14196326.342745429,
  "params": [
    -0.1886749357125999,
    0.019059354536787195,
    0.3988083042097834,
    0.06760577069249825,
    0.10354132206305261,
    0.26282027597927166,
    0.09906758952600941,
    12.849342076602607,
    197.10960792050216,
    1.7280843284333915,
    1.1504408703417028,
    1.396710032482873,
    1.3014956078656115,
    -0.883869815316507,
    -0.32882104260301287,
    6.100840988904296,
    91.07888893940455,
    0.7222883987267145,
    2.2303455028301293,
    0.8850469816666363
  ]
}